,time,rank,score
0,2022/4/17 07:24,4,15700
1,2022/4/17 06:55,1,34500
2,2022/4/17 06:10,3,20700
3,2022/4/17 05:27,1,43400
4,2022/4/17 04:19,1,44300
5,2022/4/17 04:02,2,28800
6,2022/4/17 02:43,3,16000
7,2022/4/17 02:08,3,18300
8,2022/4/17 01:27,1,69500
9,2022/4/17 00:57,4,8300
10,2022/4/17 00:10,2,25700
11,2022/4/16 23:29,2,20300
12,2022/4/16 22:54,1,40700
13,2022/4/16 22:20,4,13800
14,2022/4/16 21:51,1,34700
15,2022/4/16 20:57,2,38800
16,2022/4/16 20:30,3,22500
17,2022/4/16 15:25,3,20600
18,2022/4/16 14:15,1,32200
19,2022/4/16 13:39,3,29900
20,2022/4/16 12:47,1,51500
21,2022/4/16 12:12,4,12700
22,2022/4/16 11:23,2,34100
23,2022/4/16 10:38,4,17000
24,2022/4/16 10:03,3,8200
25,2022/4/16 02:13,2,25400
26,2022/4/16 01:49,1,62000
27,2022/4/16 01:21,3,12200
28,2022/4/16 00:32,2,24600
29,2022/4/15 23:49,2,23700
30,2022/4/15 23:02,1,38200
31,2022/4/15 22:32,2,29600
32,2022/4/15 21:43,4,13200
33,2022/4/15 21:04,2,28700
34,2022/4/15 20:16,4,600
35,2022/4/15 19:28,4,16600
36,2022/4/15 18:03,1,39800
37,2022/4/15 17:21,1,48400
38,2022/4/15 15:41,1,53400
39,2022/4/15 15:07,3,17400
40,2022/4/15 14:15,3,16500
41,2022/4/15 13:17,2,34500
42,2022/4/14 03:03,4,-4000
43,2022/4/14 02:06,3,17900
44,2022/4/14 01:33,3,29500
45,2022/4/13 22:36,1,45000
46,2022/4/13 22:02,1,35200
47,2022/4/13 21:14,2,24600
48,2022/4/13 20:51,2,35400
49,2022/4/13 20:06,1,37900
50,2022/4/13 19:06,3,19200
51,2022/4/12 11:39,4,11900
52,2022/4/12 11:04,4,15700
53,2022/4/12 10:22,1,34400
54,2022/4/12 09:18,4,2200
55,2022/4/12 08:48,1,31400
56,2022/4/11 22:39,4,8000
57,2022/4/11 21:59,2,35000
58,2022/4/11 20:41,2,19300
59,2022/4/11 19:29,2,28400
60,2022/4/11 19:17,1,48300
61,2022/4/11 18:27,3,25400
62,2022/4/11 17:41,2,21400
63,2022/4/11 17:04,4,16600
64,2022/4/11 15:39,2,20400
65,2022/4/11 14:57,4,11300
66,2022/4/11 14:40,2,33000
67,2022/4/11 14:06,2,36500
68,2022/4/11 13:22,1,35500
69,2022/4/11 12:47,1,47600
70,2022/4/11 12:25,3,16800
71,2022/4/11 11:51,2,26200
72,2022/4/11 10:58,2,30600
73,2022/4/11 10:08,1,35400
74,2022/4/11 09:17,1,34800
75,2022/4/10 19:53,4,10300
76,2022/4/10 19:26,2,28800
77,2022/4/10 19:12,3,23500
78,2022/4/10 18:26,2,38200
79,2022/4/10 18:04,2,33900
80,2022/4/10 16:38,4,12800
81,2022/4/10 15:08,1,40900
82,2022/4/10 14:17,2,34900
83,2022/4/10 13:37,1,39300
84,2022/4/10 12:47,2,30800
85,2022/4/10 12:08,2,26900
86,2022/4/10 04:52,4,8800
87,2022/4/10 04:28,4,-4200
88,2022/4/9 21:22,4,12800
89,2022/4/9 20:45,3,17600
90,2022/4/9 19:52,3,22800
91,2022/4/9 19:17,1,49800
92,2022/4/9 18:49,1,52100
93,2022/4/9 14:46,3,16400
94,2022/4/9 14:13,2,23500
95,2022/4/9 13:19,3,20600
96,2022/4/9 12:54,2,31300
97,2022/4/9 07:49,3,23700
98,2022/4/9 06:49,1,49700
99,2022/4/9 06:12,3,18500
100,2022/4/9 05:54,3,20100
101,2022/4/9 05:05,3,12500
102,2022/4/9 04:35,2,31200
103,2022/4/9 03:51,2,29500
104,2022/4/9 03:12,4,-200
105,2022/4/9 02:30,2,29700
106,2022/4/9 01:36,3,21800
107,2022/4/8 16:32,4,-1300
108,2022/4/8 16:15,1,43100
109,2022/4/8 15:59,4,-8900
110,2022/4/8 15:26,2,32900
111,2022/4/8 14:50,1,38900
112,2022/4/8 08:59,4,14600
113,2022/4/8 08:20,2,33600
114,2022/4/8 06:56,3,23700
115,2022/4/8 05:56,2,24200
116,2022/4/8 05:31,2,38300
117,2022/4/8 03:54,3,11500
118,2022/4/8 03:13,2,24400
119,2022/4/8 02:33,1,31600
120,2022/4/8 01:16,1,41900
121,2022/4/8 00:55,3,13900
122,2022/4/8 00:03,3,17100
123,2022/4/7 15:30,4,-4900
124,2022/4/7 14:40,1,36000
125,2022/4/7 14:20,1,45700
126,2022/4/7 13:36,1,31100
127,2022/4/7 13:01,3,25900
128,2022/4/7 12:18,1,54600
129,2022/4/7 11:29,2,23300
130,2022/4/7 10:41,1,35100
131,2022/4/7 10:05,3,26700
132,2022/4/7 09:37,4,5700
133,2022/4/7 08:48,4,17800
134,2022/4/7 07:41,2,36600
135,2022/4/7 06:50,2,27600
136,2022/4/7 06:04,1,46900
137,2022/4/7 05:25,2,23400
138,2022/4/6 14:20,2,25000
139,2022/4/6 13:00,2,30700
140,2022/4/6 11:42,4,16900
141,2022/4/6 11:04,4,19900
142,2022/4/6 10:34,4,16200
143,2022/4/6 09:59,1,48300
144,2022/4/6 09:04,4,-800
145,2022/4/6 08:30,3,23100
146,2022/4/6 07:48,4,19700
147,2022/4/6 06:41,3,20000
148,2022/4/6 05:56,2,23400
149,2022/4/6 04:55,1,45800
150,2022/4/6 04:23,1,43600
151,2022/4/6 03:39,2,31600
152,2022/4/6 02:57,1,36700
153,2022/4/6 02:16,2,29300
154,2022/4/6 01:12,2,38600
155,2022/4/6 00:34,2,35000
156,2022/4/5 23:56,3,11700
157,2022/4/5 16:37,3,20100
158,2022/4/5 15:53,3,21700
159,2022/4/5 15:14,2,32400
160,2022/4/5 14:40,4,15900
161,2022/4/5 14:07,2,27300
162,2022/4/5 13:36,2,29600
163,2022/4/5 12:43,2,38300
164,2022/4/5 11:53,3,20100
165,2022/4/5 11:03,4,7900
166,2022/4/5 10:27,2,31000
167,2022/4/5 09:56,1,37400
168,2022/4/5 09:13,4,17300
169,2022/4/5 08:20,3,21900
170,2022/4/5 07:50,3,25300
171,2022/4/5 07:24,2,30000
172,2022/4/5 06:53,3,24400
173,2022/4/5 05:58,2,28500
174,2022/4/5 05:04,4,2700
175,2022/4/5 04:26,2,42900
176,2022/4/5 03:49,3,9200
177,2022/4/5 03:26,2,32300
178,2022/4/5 02:39,3,26500
179,2022/4/5 02:04,4,-200
180,2021/12/31 14:59,1,42200
181,2021/12/31 13:44,1,31200
182,2021/12/31 12:57,1,36300
183,2021/12/31 11:56,1,46000
184,2021/12/31 11:27,1,35600
185,2021/12/31 10:39,1,35800
186,2021/12/31 09:20,3,23400
187,2021/12/31 08:55,4,-1200
188,2021/12/31 08:21,3,21500
189,2021/12/31 07:43,3,33400
190,2021/12/31 01:08,4,8100
191,2021/12/31 00:21,2,22600
192,2021/12/30 23:36,2,30700
193,2021/12/30 22:53,1,52400
194,2021/12/30 21:58,3,18800
195,2021/12/30 21:13,2,26700
196,2021/12/30 20:40,3,16700
197,2021/12/30 20:00,3,13800
198,2021/12/30 19:17,2,39800
199,2021/12/30 17:10,1,39600
200,2021/12/30 16:26,2,27800
201,2021/12/30 15:42,1,38800
202,2021/12/30 14:49,2,28500
203,2021/12/30 14:00,2,28500
204,2021/12/30 13:17,4,8400
205,2021/12/30 12:42,1,49700
206,2021/12/30 11:47,4,17500
207,2021/12/30 11:15,4,-1100
208,2021/12/30 10:44,2,39100
209,2021/12/30 10:10,3,23600
210,2021/12/29 17:14,2,30100
211,2021/12/29 15:06,1,43100
212,2021/12/28 17:35,1,55000
213,2021/12/28 16:37,2,26400
214,2021/12/28 15:49,3,24000
215,2021/12/28 15:36,3,24000
216,2021/12/27 22:06,4,13800
217,2021/12/27 21:31,2,26900
218,2021/12/27 21:00,1,42200
219,2021/12/27 19:53,4,15500
220,2021/12/27 18:50,1,40200
221,2021/12/27 18:11,4,-6400
222,2021/12/27 17:00,1,39600
223,2021/12/27 16:22,3,13900
224,2021/12/27 15:26,1,45600
225,2021/12/27 14:45,2,32500
226,2021/12/27 14:14,1,30900
227,2021/12/27 13:27,1,35300
228,2021/12/26 05:07,4,-3400
229,2021/12/26 04:42,4,-200
230,2021/12/26 04:17,4,-1100
231,2021/12/26 03:44,1,48400
232,2021/12/26 03:17,1,39800
233,2021/12/26 02:33,4,2800
234,2021/12/26 01:39,2,26900
235,2021/12/26 00:58,2,32200
236,2021/12/25 17:05,3,22100
237,2021/12/25 13:28,1,38800
238,2021/12/25 12:24,1,45300
239,2021/12/25 11:32,3,21100
240,2021/12/25 01:45,4,15500
241,2021/12/24 18:52,3,10500
242,2021/12/24 18:14,3,26300
243,2021/12/24 17:23,1,39300
244,2021/12/24 16:50,4,11300
245,2021/12/24 15:58,2,28400
246,2021/12/24 15:16,1,42500
247,2021/12/24 14:40,4,-200
248,2021/12/24 13:59,3,22900
249,2021/12/24 11:57,4,9100
250,2021/12/21 12:00,4,13300
251,2021/12/21 10:50,2,35600
252,2021/12/21 10:01,1,34800
253,2021/12/21 09:33,1,34400
254,2021/12/21 09:08,1,43400
255,2021/12/21 07:51,1,52200
256,2021/12/20 17:33,4,3800
257,2021/12/20 16:38,4,15100
258,2021/12/20 16:12,4,-3800
259,2021/12/20 15:35,3,17800
260,2021/12/20 14:36,2,34300
261,2021/12/20 13:55,1,50100
262,2021/12/20 12:51,4,12900
263,2021/12/20 11:59,2,27400
264,2021/12/20 10:53,2,24500
265,2021/12/20 09:47,2,31700
266,2021/12/20 08:47,1,34800
267,2021/12/20 06:55,1,59100
268,2021/12/20 06:14,2,27300
269,2021/12/20 05:42,3,19800
270,2021/12/20 02:34,1,43700
271,2021/12/20 01:58,2,33900
272,2021/12/20 01:37,2,32000
273,2021/12/19 06:10,4,1200
274,2021/12/19 05:17,3,18500
275,2021/12/17 00:53,4,15300
276,2021/12/17 00:17,2,26400
277,2021/12/16 12:34,3,31600
278,2021/12/16 11:57,3,18500
279,2021/12/16 11:38,2,26000
280,2021/12/16 02:45,2,27100
281,2021/12/16 01:23,3,8900
282,2021/12/15 05:47,3,18300
283,2021/12/15 04:26,3,20400
284,2021/12/15 03:23,1,56700
285,2021/12/15 02:39,4,-1900
286,2021/12/15 01:52,1,60500
287,2021/12/15 00:41,1,39600
288,2021/12/15 00:01,2,25000
289,2021/12/14 23:16,4,12500
290,2021/12/14 22:37,2,37100
291,2021/12/14 21:44,2,30800
292,2021/12/14 17:31,2,19000
293,2021/12/14 17:04,3,32400
294,2021/12/14 09:28,2,26800
295,2021/12/14 08:16,4,10300
296,2021/12/14 07:45,4,16000
297,2021/12/14 07:04,3,26500
298,2021/12/14 04:45,1,36900
299,2021/12/14 04:08,3,19000
300,2021/12/14 03:15,1,41000
301,2021/12/14 02:34,3,26500
302,2021/12/14 02:10,3,10400
303,2021/12/14 01:05,1,35700
304,2021/12/14 00:44,4,-300
305,2021/12/13 23:56,4,4700
306,2021/12/13 04:21,3,7100
307,2021/12/13 02:35,2,24200
308,2021/12/13 02:07,3,18400
309,2021/12/13 01:19,1,42000
310,2021/12/13 00:39,2,30700
311,2021/12/12 23:36,3,15800
312,2021/12/12 22:55,3,17200
313,2021/12/12 22:02,1,40900
314,2021/12/12 21:05,3,22600
315,2021/12/12 17:50,3,22300
316,2021/12/12 17:14,1,37200
317,2021/12/12 16:43,2,30200
318,2021/12/12 04:13,4,16900
319,2021/12/12 03:32,2,35900
320,2021/12/12 02:44,2,22900
321,2021/12/12 01:57,1,48800
322,2021/12/12 01:17,4,18800
323,2021/12/12 00:08,4,-11700
324,2021/12/11 23:27,2,31900
325,2021/12/11 22:36,2,26400
326,2021/12/11 22:00,2,29500
327,2021/12/11 21:32,2,38700
328,2021/12/11 21:00,2,22600
329,2021/12/11 19:50,4,12300
330,2021/12/11 19:06,4,15600
331,2021/12/11 16:25,1,45800
332,2021/12/11 02:39,1,49700
333,2021/12/11 02:15,2,31300
334,2021/12/11 01:23,4,-300
335,2021/12/11 00:36,2,24700
336,2021/12/10 23:44,2,23500
337,2021/12/10 22:39,1,36700
338,2021/12/10 21:52,2,28700
339,2021/12/10 21:12,1,42800
340,2021/12/10 20:38,1,38600
341,2021/12/10 19:28,4,-8000
342,2021/12/10 18:56,1,40200
343,2021/12/10 17:50,1,39700
344,2021/12/9 05:10,1,36200
345,2021/12/9 04:15,1,43600
346,2021/12/9 03:31,2,26400
347,2021/12/8 12:50,4,17400
348,2021/12/8 11:48,1,51300
349,2021/12/8 02:31,1,43600
350,2021/12/8 01:26,2,28600
351,2021/12/8 00:03,1,44600
352,2021/12/7 23:27,1,51100
353,2021/12/7 15:45,1,31000
354,2021/12/7 15:21,1,36500
355,2021/12/7 14:44,2,24900
356,2021/12/7 13:59,1,44000
357,2021/12/7 13:52,1,55900
358,2021/12/7 13:16,1,41800
359,2021/12/7 12:44,1,62000
360,2021/12/7 11:47,4,9900
361,2021/12/7 04:41,2,35800
362,2021/12/7 04:12,3,3900
363,2021/12/7 03:12,3,20500
364,2021/12/7 02:35,1,30600
365,2021/12/7 01:44,1,48100
366,2021/12/6 13:45,1,39800
367,2021/12/6 12:43,2,27000
368,2021/12/6 12:04,2,26000
369,2021/12/6 04:17,4,20900
370,2021/12/6 03:58,1,53000
371,2021/12/6 03:12,2,30700
372,2021/12/6 01:24,2,30400
373,2021/12/6 00:46,1,30400
374,2021/12/5 23:46,3,24400
375,2021/12/5 15:04,1,44100
376,2021/12/5 14:22,1,42700
377,2021/12/5 13:13,1,49000
378,2021/12/5 12:45,4,13700
379,2021/12/5 12:09,2,27700
380,2021/12/4 23:18,4,12200
381,2021/12/4 22:26,4,2200
382,2021/12/4 21:54,4,19500
383,2021/12/4 21:21,2,28700
384,2021/12/4 20:41,4,4500
385,2021/12/4 20:29,3,23400
386,2021/12/4 20:13,2,28900
387,2021/12/4 19:41,1,38600
388,2021/12/4 18:54,2,44900
389,2021/12/4 18:17,1,52600
390,2021/12/4 00:55,4,18900
391,2021/12/4 00:03,2,27800
392,2021/12/3 22:45,1,46300
393,2021/12/3 22:12,1,34700
394,2021/12/3 21:26,4,13800
395,2021/12/3 20:41,1,39700
396,2021/12/3 20:01,4,-300
397,2021/12/3 15:21,4,-2000
398,2021/12/3 14:49,1,37300
399,2021/12/3 14:14,1,34100
400,2021/12/3 13:45,2,22100
401,2021/12/3 12:36,2,27000
402,2021/12/3 11:15,2,37200
403,2021/12/3 05:01,1,43200
404,2021/12/3 04:06,3,10100
405,2021/12/3 03:31,4,-500
406,2021/12/3 02:12,3,19900
407,2021/12/2 13:50,1,42600
408,2021/12/2 12:57,3,25700
409,2021/12/2 12:13,2,24900
410,2021/12/2 11:31,1,41600
411,2021/12/2 10:37,2,35900
412,2021/12/1 20:36,3,15700
413,2021/12/1 19:48,2,24800
414,2021/12/1 19:05,4,15700
415,2021/12/1 17:48,3,23000
416,2021/12/1 15:53,3,9700
417,2021/12/1 15:18,3,15100
418,2021/12/1 14:28,2,28200
419,2021/12/1 13:38,2,26800
420,2021/12/1 12:55,4,18800
421,2021/12/1 12:05,3,15800
422,2021/12/1 10:15,4,16200
423,2021/12/1 09:42,1,45300
424,2021/12/1 00:15,3,20900
425,2021/11/30 23:36,1,55200
426,2021/11/30 23:08,2,22900
427,2021/11/30 22:19,1,44900
428,2021/11/30 21:32,2,35300
429,2021/11/30 14:23,4,2600
430,2021/11/30 13:40,4,22500
431,2021/11/30 13:05,4,2600
432,2021/11/30 12:36,2,21400
433,2021/11/29 21:05,2,37200
434,2021/11/29 20:12,4,-300
435,2021/11/29 19:40,4,16800
436,2021/11/29 18:56,2,33500
437,2021/11/29 18:26,4,17500
438,2021/11/29 15:59,1,49900
439,2021/11/29 15:10,1,38700
440,2021/11/29 14:26,1,40800
441,2021/11/29 13:38,2,29700
442,2021/11/29 12:58,4,16000
443,2021/11/29 12:12,1,50300
444,2021/11/28 21:07,4,8900
445,2021/11/28 20:40,4,-4700
446,2021/11/28 18:47,4,-2100
447,2021/11/28 18:15,3,17000
448,2021/11/28 17:43,2,34400
449,2021/11/28 16:53,1,31300
450,2021/11/28 14:56,1,30900
451,2021/11/28 13:58,3,22800
452,2021/11/28 13:33,3,19700
453,2021/11/28 12:47,1,40400
454,2021/11/28 12:04,1,41900
455,2021/11/28 11:18,1,48800
456,2021/11/28 10:25,3,30600
457,2021/11/28 09:27,3,28600
458,2021/11/28 08:26,4,-4800
459,2021/11/27 22:49,3,28300
460,2021/11/27 22:10,1,36900
461,2021/11/27 21:12,4,2400
462,2021/11/27 20:34,3,22200
463,2021/11/27 19:53,1,45400
464,2021/11/27 19:19,1,40200
465,2021/11/27 18:39,4,-3200
466,2021/11/27 16:42,4,14300
467,2021/11/27 15:37,1,44000
468,2021/11/27 14:41,2,45900
469,2021/11/27 14:05,1,35900
470,2021/11/27 13:01,3,6300
471,2021/11/27 12:23,4,15200
472,2021/11/27 11:40,4,12600
473,2021/11/27 10:51,2,26700
474,2021/11/27 10:16,1,39100
475,2021/11/27 09:40,1,58800
476,2021/11/27 03:26,1,36400
477,2021/11/27 02:35,1,60700
478,2021/11/26 09:41,4,15400
479,2021/11/26 09:03,2,28800
480,2021/11/26 08:26,2,22600
481,2021/11/26 07:43,4,15200
482,2021/11/26 06:16,4,200
483,2021/11/26 04:44,3,26800
484,2021/11/26 03:32,4,14700
485,2021/11/26 02:33,4,14400
486,2021/11/26 01:46,3,5800
487,2021/11/26 00:55,1,48900
488,2021/11/20 05:54,2,22600
489,2021/11/20 05:10,4,200
490,2021/11/20 04:24,4,-200
491,2021/11/20 03:46,4,12300
492,2021/11/20 02:52,2,38800
493,2021/11/20 02:19,2,23000
494,2021/11/20 01:46,1,39100
495,2021/11/20 00:48,4,14200
496,2021/11/19 23:51,4,15900
497,2021/11/19 23:05,4,13200
498,2021/11/19 05:50,2,28400
499,2021/11/19 04:28,3,19800
500,2021/11/19 03:36,2,22700
501,2021/11/19 02:42,2,23200
502,2021/11/19 01:37,4,7300
503,2021/11/19 00:56,4,-4800
504,2021/11/18 23:52,3,20800
505,2021/11/18 23:11,1,46500
506,2021/11/18 16:41,2,26300
507,2021/11/18 03:12,3,23500
508,2021/11/18 02:18,1,65800
509,2021/11/18 01:33,4,100
510,2021/11/18 00:45,4,-12300
511,2021/11/17 23:55,2,27900
512,2021/11/17 23:02,3,20000
513,2021/11/17 22:34,4,15500
514,2021/11/17 22:04,2,23100
515,2021/11/17 21:38,2,27800
516,2021/11/17 20:59,1,36200
517,2021/11/17 20:07,1,30500
518,2021/11/17 18:00,4,12700
519,2021/11/17 17:17,4,6800
520,2021/11/17 16:36,2,31600
521,2021/11/17 15:35,2,25600
522,2021/11/17 15:08,1,41200
523,2021/11/17 04:30,2,26100
524,2021/11/17 03:54,1,46300
525,2021/11/17 03:20,1,34800
526,2021/11/17 02:51,1,55500
527,2021/11/17 02:22,3,17500
528,2021/11/17 01:42,4,-200
529,2021/11/17 01:08,1,37500
530,2021/11/17 00:32,2,30100
531,2021/11/16 23:47,3,19000
532,2021/11/16 23:11,4,1900
533,2021/11/16 22:28,3,23600
534,2021/11/16 21:55,1,35300
535,2021/11/16 21:07,4,8000
536,2021/11/16 17:08,1,47400
537,2021/11/16 16:16,4,6000
538,2021/11/16 15:39,3,20600
539,2021/11/16 07:12,2,29500
540,2021/11/16 05:43,1,38700
541,2021/11/16 05:00,1,45800
542,2021/11/16 04:11,2,24900
543,2021/11/16 03:20,2,35000
544,2021/11/16 02:50,1,50300
545,2021/11/16 01:43,2,11400
546,2021/11/16 01:22,2,32100
547,2021/11/16 00:48,3,25000
548,2021/11/16 00:15,3,14000
549,2021/11/15 23:56,2,24200
550,2021/11/15 23:16,1,34000
551,2021/11/15 22:11,3,15500
552,2021/11/15 21:28,1,34900
553,2021/11/15 20:49,4,5300
554,2021/11/15 16:22,1,38100
555,2021/11/15 15:41,3,30100
556,2021/11/15 14:58,1,50600
557,2021/11/15 14:20,2,41700
558,2021/11/15 03:20,3,7700
559,2021/11/15 02:45,1,49200
560,2021/11/15 01:47,1,57300
561,2021/11/15 00:31,4,1000
562,2021/11/14 23:48,2,27500
563,2021/11/14 23:14,1,70500
564,2021/11/14 22:29,4,11300
565,2021/11/13 23:08,4,-1200
566,2021/11/13 22:22,2,25600
567,2021/11/13 20:27,2,28200
568,2021/11/13 19:09,2,25100
569,2021/11/13 17:05,2,31700
570,2021/11/13 04:06,3,23500
571,2021/11/13 03:10,2,27900
572,2021/11/13 02:23,4,12800
573,2021/11/13 01:38,3,17900
574,2021/11/13 00:55,1,75700
575,2021/11/12 23:17,3,17800
576,2021/11/11 23:29,4,-1500
577,2021/11/11 22:46,3,30400
578,2021/11/11 22:08,2,36300
579,2021/11/11 21:54,1,54300
580,2021/11/11 20:35,2,22100
581,2021/11/11 19:49,2,27400
582,2021/11/11 14:22,4,-13500
583,2021/11/11 12:39,3,28300
584,2021/11/11 05:37,4,6900
585,2021/11/11 04:58,4,15700
586,2021/11/11 04:03,2,33100
587,2021/11/11 03:33,4,-800
588,2021/11/11 02:36,1,46600
589,2021/11/11 01:45,1,32900
590,2021/11/11 01:07,1,38500
591,2021/11/11 00:48,1,36800
592,2021/11/10 23:44,2,23400
593,2021/11/10 22:52,4,1800
594,2021/11/10 21:50,1,30500
595,2021/11/10 21:16,2,26400
596,2021/11/10 20:28,4,18500
597,2021/11/7 14:37,1,61800
598,2021/11/6 21:55,2,28100
599,2021/11/6 21:20,2,32100
600,2021/11/6 20:40,1,33600
601,2021/11/6 20:07,2,37500
602,2021/11/6 19:36,3,11100
603,2021/11/6 17:52,2,24900
604,2021/11/6 17:15,3,17300
605,2021/11/6 16:34,2,36200
606,2021/11/6 15:28,1,36400
607,2021/11/6 14:55,2,18900
608,2021/11/6 13:56,4,12800
609,2021/11/6 13:19,4,4800
610,2021/11/6 11:47,1,62700
611,2021/11/6 08:02,4,14300
612,2021/11/6 07:18,1,40500
613,2021/11/5 22:24,1,40300
614,2021/11/5 16:18,2,33500
615,2021/11/5 15:15,2,24100
616,2021/11/5 14:35,3,15700
617,2021/11/5 13:50,1,38300
618,2021/11/5 13:11,3,10400
619,2021/11/5 12:39,4,12500
620,2021/11/5 11:58,1,36500
621,2021/11/5 11:20,2,35400
622,2021/11/5 10:37,1,35600
623,2021/11/5 09:28,2,29700
624,2021/11/5 08:54,1,34300
625,2021/11/5 05:15,4,14100
626,2021/11/5 04:17,3,12400
627,2021/11/5 03:40,2,27800
628,2021/11/4 14:53,4,6700
629,2021/11/4 14:11,2,30200
630,2021/11/4 11:29,2,30200
631,2021/11/4 10:53,2,25300
632,2021/11/4 10:08,2,29500
633,2021/11/4 09:41,2,25500
634,2021/11/4 09:10,2,29100
635,2021/11/4 08:34,2,39400
636,2021/11/4 07:49,1,32100
637,2021/11/3 22:29,4,20700
638,2021/11/3 21:32,1,46100
639,2021/11/3 21:04,1,59800
640,2021/11/3 20:16,3,24500
641,2021/11/3 19:23,4,-10700
642,2021/11/3 18:47,1,47800
643,2021/11/3 18:23,3,25500
644,2021/11/3 17:31,1,43000
645,2021/11/3 11:18,2,32600
646,2021/11/3 10:29,3,10900
647,2021/11/3 09:56,2,29900
648,2021/11/3 09:17,1,37900
649,2021/11/3 07:56,4,12600
650,2021/11/3 06:35,4,-200
651,2021/11/2 01:42,2,31500
652,2021/11/2 00:47,3,25800
653,2021/11/1 16:43,3,7800
654,2021/11/1 15:57,3,21900
655,2021/11/1 15:27,1,34400
656,2021/11/1 14:43,1,51800
657,2021/11/1 14:09,2,32100
658,2021/11/1 13:26,2,30600
659,2021/11/1 12:48,3,15900
660,2021/11/1 11:47,3,17900
661,2021/11/1 10:45,2,25800
662,2021/11/1 10:11,3,21300
663,2021/10/31 11:26,3,26400
664,2021/10/30 11:26,4,9200
665,2021/10/30 10:53,3,19900
666,2021/10/30 10:11,3,19200
667,2021/10/30 09:35,1,31700
668,2021/10/30 01:16,2,25400
669,2021/10/30 00:44,2,31300
670,2021/10/29 23:58,4,7000
671,2021/10/27 12:00,4,14100
672,2021/10/27 10:53,3,18600
673,2021/10/27 10:14,4,8300
674,2021/10/27 09:33,3,19300
675,2021/10/27 08:50,3,11400
676,2021/10/27 08:05,3,20500
677,2021/10/27 07:14,3,10600
678,2021/10/27 06:46,1,46400
679,2021/10/27 06:16,4,11900
680,2021/10/27 05:39,3,14600
681,2021/10/27 05:06,1,38300
682,2021/10/27 04:30,1,30000
683,2021/10/27 03:52,2,37200
684,2021/10/27 02:55,3,22300
685,2021/10/27 02:12,1,40100
686,2021/10/27 00:59,1,42300
687,2021/10/26 23:53,1,44800
688,2021/10/26 23:21,3,20000
689,2021/10/26 22:38,4,10000
690,2021/10/26 21:49,1,45200
691,2021/10/26 04:38,3,4700
692,2021/10/26 03:53,4,16600
693,2021/10/26 03:17,1,64700
694,2021/10/26 01:58,4,14600
695,2021/10/26 01:17,1,54900
696,2021/10/26 00:32,3,18600
697,2021/10/25 16:06,4,7400
698,2021/10/25 15:12,3,22000
699,2021/10/25 14:48,2,33500
700,2021/10/25 13:43,3,14300
701,2021/10/25 13:02,3,24300
702,2021/10/25 12:25,3,17400
703,2021/10/25 11:58,3,26000
704,2021/10/25 11:20,1,56100
705,2021/10/25 10:51,1,35200
706,2021/10/25 00:40,1,37800
707,2021/10/25 00:01,3,17600
708,2021/10/24 23:19,3,22500
709,2021/10/24 22:47,1,42200
710,2021/10/24 21:50,1,43000
711,2021/10/24 21:18,3,2700
712,2021/10/24 20:43,3,19400
713,2021/10/24 19:59,3,20900
714,2021/10/24 19:36,3,13500
715,2021/10/24 19:07,3,22700
716,2021/10/24 18:16,1,37200
717,2021/10/23 19:22,4,13200
718,2021/10/23 18:45,4,9500
719,2021/10/19 23:51,4,-1200
720,2021/10/19 23:10,4,14400
721,2021/10/19 22:39,1,36000
722,2021/10/19 21:52,3,16600
723,2021/10/19 21:12,2,31500
724,2021/10/19 20:50,4,-3400
725,2021/10/19 20:07,2,33900
726,2021/10/19 16:18,1,42500
727,2021/10/19 15:08,3,23300
728,2021/10/18 16:14,3,29600
729,2021/10/18 15:34,4,9300
730,2021/10/18 14:24,2,30500
731,2021/10/18 00:01,4,14000
732,2021/10/17 23:44,4,-3600
733,2021/10/17 22:54,2,24700
734,2021/10/17 22:15,1,49300
735,2021/10/17 21:39,3,22100
736,2021/10/17 15:19,3,19400
737,2021/10/17 14:51,3,21400
738,2021/10/17 14:18,1,36300
739,2021/10/17 01:03,4,-4900
740,2021/10/17 00:21,3,19200
741,2021/10/16 23:38,3,12100
742,2021/10/16 22:05,3,11900
743,2021/10/16 20:32,3,16200
744,2021/10/16 19:51,1,44800
745,2021/10/16 19:29,3,22500
746,2021/10/16 18:27,2,30900
747,2021/10/16 17:50,3,21500
748,2021/10/16 14:51,3,20200
749,2021/10/16 00:37,3,12100
750,2021/10/15 23:33,4,7300
751,2021/10/15 22:46,3,15600
752,2021/10/15 22:13,3,24200
753,2021/10/15 21:30,1,45800
754,2021/10/15 20:51,2,34800
755,2021/10/15 20:24,2,32600
756,2021/10/15 19:32,4,1400
757,2021/10/15 17:08,3,19600
758,2021/10/15 14:31,1,48200
759,2021/10/15 13:50,1,54100
760,2021/10/15 03:31,1,53800
761,2021/10/15 02:55,2,28800
762,2021/10/15 02:24,3,18300
763,2021/10/15 01:31,3,15700
764,2021/10/15 00:50,4,6500
765,2021/10/14 23:44,3,15100
766,2021/10/14 22:29,3,15900
767,2021/10/14 15:08,1,48600
768,2021/10/14 14:15,4,13600
769,2021/10/14 13:13,2,27100
770,2021/10/14 12:25,3,24300
771,2021/10/14 11:34,1,30500
772,2021/10/13 18:57,4,-1700
773,2021/10/13 17:09,3,21800
774,2021/10/13 16:28,2,28500
775,2021/10/13 16:13,1,53000
776,2021/10/13 15:52,4,-6100
777,2021/10/13 15:18,3,19300
778,2021/10/13 14:18,2,25300
779,2021/10/13 13:15,4,21500
780,2021/10/13 12:21,3,32300
781,2021/10/13 11:47,2,24600
782,2021/10/13 03:33,2,28300
783,2021/10/13 02:43,2,20900
784,2021/10/13 01:45,2,28700
785,2021/10/13 00:59,1,53800
786,2021/10/13 00:11,1,41200
787,2021/10/12 23:27,1,42600
788,2021/10/12 22:44,1,32200
789,2021/10/12 21:57,1,36300
790,2021/10/12 21:28,1,53000
791,2021/10/12 20:28,1,46700
792,2021/10/12 19:58,4,-3600
793,2021/10/12 14:42,3,24000
794,2021/10/12 13:58,1,49000
795,2021/10/12 13:07,3,20000
796,2021/10/12 12:43,2,25700
797,2021/10/12 11:51,1,48400
798,2021/10/12 10:59,3,26500
799,2021/10/12 10:29,4,-2100
800,2021/10/11 15:57,4,-600
801,2021/10/11 15:11,4,10400
802,2021/10/11 14:22,3,22400
803,2021/10/11 13:43,4,12400
804,2021/10/11 12:57,4,16100
805,2021/10/11 12:03,3,20400
806,2021/10/11 11:09,2,29500
807,2021/10/11 03:06,3,23100
808,2021/10/11 02:03,3,21200
809,2021/10/11 01:31,2,32500
810,2021/10/11 00:52,2,28200
811,2021/10/10 23:59,2,42400
812,2021/10/10 23:11,1,48800
813,2021/10/10 22:08,2,33600
814,2021/10/10 21:14,2,21900
815,2021/10/10 15:17,4,-500
816,2021/10/10 14:34,2,27800
817,2021/10/10 13:40,1,47500
818,2021/10/10 13:00,3,16200
819,2021/10/10 12:09,3,9100
820,2021/10/10 10:43,2,28700
821,2021/10/9 22:46,2,25200
822,2021/10/9 20:35,4,-12000
823,2021/10/9 18:59,4,8400
824,2021/10/9 18:22,3,18200
825,2021/10/9 16:56,2,37700
826,2021/10/9 15:29,3,23600
827,2021/10/9 14:42,1,49800
828,2021/10/9 14:15,2,24200
829,2021/10/9 13:03,1,51400
830,2021/10/9 12:30,2,29100
831,2021/10/9 11:55,2,22200
832,2021/10/9 10:49,2,26000
833,2021/10/9 09:44,3,13800
834,2021/10/9 08:37,2,19300
835,2021/10/8 22:58,2,41100
836,2021/10/8 22:10,4,12000
837,2021/10/8 17:26,3,15800
838,2021/10/8 17:08,1,50400
839,2021/10/8 07:59,3,15200
840,2021/10/8 07:50,4,-1500
841,2021/10/7 22:33,3,29700
842,2021/10/7 22:15,1,44000
843,2021/10/7 21:29,3,29100
844,2021/10/7 20:40,3,27500
845,2021/10/7 16:36,2,35200
846,2021/10/7 15:09,1,42200
847,2021/10/7 14:27,1,38800
848,2021/10/7 13:42,3,20400
849,2021/10/7 12:56,1,54100
850,2021/10/7 12:10,4,1000
851,2021/10/7 10:05,1,44800
852,2021/10/7 09:38,1,36500
853,2021/10/7 08:58,4,9200
854,2021/10/7 08:14,3,15500
855,2021/10/7 02:45,2,40600
856,2021/10/7 00:40,3,15900
857,2021/10/6 23:59,2,35400
858,2021/10/6 23:18,1,34400
859,2021/10/6 12:54,3,18000
860,2021/10/6 12:12,3,16600
861,2021/10/6 11:36,3,20400
862,2021/10/6 10:28,3,21300
863,2021/10/6 09:54,1,44900
864,2021/10/6 08:04,4,9400
865,2021/10/5 08:50,1,49800
866,2021/10/5 08:19,2,38400
867,2021/10/5 08:01,1,50900
868,2021/10/5 05:10,1,35700
869,2021/10/5 04:36,4,-400
870,2021/10/5 04:10,3,19800
871,2021/10/5 03:42,1,48000
872,2021/10/4 15:36,1,66900
873,2021/10/4 15:20,2,36700
874,2021/10/4 14:21,4,2500
875,2021/10/4 13:44,1,37400
876,2021/10/4 12:43,4,14900
877,2021/10/4 12:14,3,30800
878,2021/10/4 11:37,2,30200
879,2021/10/4 04:57,3,23300
880,2021/10/4 04:16,4,15800
881,2021/10/4 03:49,1,41800
882,2021/10/4 03:08,2,30000
883,2021/10/4 02:30,3,21900
884,2021/10/4 01:28,3,33300
885,2021/10/4 00:55,2,28500
886,2021/10/4 00:08,1,48600
887,2021/10/3 23:31,1,42000
888,2021/10/3 23:08,1,62500
889,2021/10/3 22:41,2,27700
890,2021/10/3 21:55,2,29100
891,2021/10/3 21:20,1,54700
892,2021/10/3 20:36,3,12200
893,2021/10/3 14:32,2,26100
894,2021/10/3 14:04,2,25300
895,2021/10/3 13:36,2,30200
896,2021/10/3 12:52,3,17100
897,2021/10/3 12:14,4,-100
898,2021/10/3 11:15,3,24800
899,2021/10/3 10:24,1,35400
900,2021/10/3 09:18,3,19700
901,2021/10/3 08:11,1,54600
902,2021/10/2 22:20,3,19900
903,2021/10/2 20:25,1,45100
904,2021/10/2 19:29,1,33700
905,2021/10/2 18:47,3,23800
906,2021/10/2 18:12,4,-4800
907,2021/10/2 17:42,1,79700
908,2021/10/2 15:28,2,34900
909,2021/10/2 15:13,2,37500
910,2021/10/2 14:36,4,17000
911,2021/10/2 14:15,1,51400
912,2021/10/2 12:46,1,34400
913,2021/10/2 11:26,2,20800
914,2021/10/2 10:43,1,47100
915,2021/10/2 09:32,3,22300
916,2021/10/2 08:42,3,20500
917,2021/10/2 00:02,3,17900
918,2021/10/1 23:37,2,30300
919,2021/10/1 23:09,3,11200
920,2021/10/1 22:30,4,13500
921,2021/10/1 21:31,3,29500
922,2021/10/1 21:01,4,10200
923,2021/10/1 20:24,2,27700
924,2021/10/1 19:37,2,37300
925,2021/10/1 18:57,2,17100
926,2021/10/1 13:12,1,53100
927,2021/10/1 12:08,1,52900
928,2021/10/1 05:20,1,54500
929,2021/10/1 04:44,2,17800
930,2021/10/1 04:05,2,36100
931,2021/10/1 02:54,2,42200
932,2021/9/30 13:02,1,37900
933,2021/9/30 11:56,2,22700
934,2021/9/30 10:57,2,38700
935,2021/9/30 10:14,3,18300
936,2021/9/30 09:32,1,39800
937,2021/9/30 03:44,4,-5300
938,2021/9/30 01:44,2,27200
939,2021/9/30 01:02,4,-1300
940,2021/9/30 00:03,2,30500
941,2021/9/29 23:43,2,39000
942,2021/9/29 22:50,2,27500
943,2021/9/29 22:08,1,39900
944,2021/9/29 21:31,2,37500
945,2021/9/29 20:54,1,40700
946,2021/9/29 19:39,1,33600
947,2021/9/29 19:06,2,27600
948,2021/9/29 18:46,1,52100
949,2021/9/29 17:52,3,25800
950,2021/9/29 06:45,3,29800
951,2021/9/29 06:26,2,28900
952,2021/9/29 05:18,1,47200
953,2021/9/29 04:40,1,48100
954,2021/9/29 03:23,3,28800
955,2021/9/29 02:37,3,17400
956,2021/9/28 19:08,3,16300
957,2021/9/28 18:22,1,39800
958,2021/9/28 17:48,4,-2200
959,2021/9/28 15:10,2,31600
960,2021/9/28 14:15,4,15100
961,2021/9/28 13:13,2,32200
962,2021/9/28 12:17,3,13400
963,2021/9/28 11:03,2,31300
964,2021/9/28 10:46,1,44900
965,2021/9/28 08:56,1,49900
966,2021/9/28 00:19,4,12800
967,2021/9/27 23:33,4,-4600
968,2021/9/27 22:46,3,23800
969,2021/9/27 22:05,2,24400
970,2021/9/27 21:27,4,12300
971,2021/9/27 20:12,2,27500
972,2021/9/27 19:23,1,47500
973,2021/9/27 15:04,1,36500
974,2021/9/27 14:24,2,32500
975,2021/9/27 13:28,3,21900
976,2021/9/27 12:58,1,36800
977,2021/9/27 12:02,2,27400
978,2021/9/27 11:29,4,10800
979,2021/9/27 10:39,1,42800
980,2021/9/27 03:40,4,6000
981,2021/9/27 02:56,2,20600
982,2021/9/27 02:46,2,25000
983,2021/9/26 19:26,3,24600
984,2021/9/26 17:09,1,41100
985,2021/9/26 16:20,2,33800
986,2021/9/26 15:38,3,14200
987,2021/9/26 13:28,4,2100
988,2021/9/26 12:35,3,10700
989,2021/9/26 11:44,1,42400
990,2021/9/26 11:11,4,10900
991,2021/9/26 10:07,2,28900
992,2021/9/26 09:42,1,35400
993,2021/9/26 08:55,2,29300
994,2021/9/26 08:33,1,55100
995,2021/9/26 04:32,1,42300
996,2021/9/26 03:58,3,25600
997,2021/9/26 02:51,2,30500
998,2021/9/26 02:07,4,2500
999,2021/9/26 01:33,3,17600
1000,2021/9/25 13:45,2,35400
1001,2021/9/25 13:09,1,68300
1002,2021/9/25 12:15,2,26600
1003,2021/9/25 11:32,4,11100
1004,2021/9/25 10:52,4,-3300
1005,2021/9/25 09:47,4,4900
1006,2021/9/25 08:43,4,10700
1007,2021/9/25 07:41,3,18200
1008,2021/9/25 02:54,1,36600
1009,2021/9/25 02:06,1,42000
1010,2021/9/24 23:45,4,2100
1011,2021/9/24 14:44,3,26200
1012,2021/9/24 13:45,2,31600
1013,2021/9/24 12:52,3,22200
1014,2021/9/24 11:47,4,10900
1015,2021/9/24 10:46,1,48300
1016,2021/9/24 09:45,4,3500
1017,2021/9/24 09:04,2,26900
1018,2021/9/24 02:03,4,10000
1019,2021/9/24 01:20,3,19700
1020,2021/9/24 00:47,2,24200
1021,2021/9/23 23:56,1,48700
1022,2021/9/23 12:37,4,16600
1023,2021/9/23 12:05,1,40000
1024,2021/9/23 11:14,4,10200
1025,2021/9/23 09:17,2,40000
1026,2021/9/23 08:36,1,39600
1027,2021/9/23 07:55,3,23000
1028,2021/9/23 07:17,1,42400
1029,2021/9/23 06:35,1,31500
1030,2021/9/23 03:50,1,36800
1031,2021/9/23 02:35,1,43900
1032,2021/9/23 01:50,2,25800
1033,2021/9/23 01:15,3,800
1034,2021/9/23 00:37,3,22200
1035,2021/9/22 23:53,3,20700
1036,2021/9/22 23:08,2,36600
1037,2021/9/22 22:33,3,23300
1038,2021/9/22 21:05,2,28400
1039,2021/9/22 15:34,1,55800
1040,2021/9/22 14:45,2,42900
1041,2021/9/22 12:59,1,38300
1042,2021/9/22 11:18,1,47700
1043,2021/9/22 10:42,4,18300
1044,2021/9/22 10:09,4,16600
1045,2021/9/22 09:26,2,25600
1046,2021/9/22 09:01,1,52000
1047,2021/9/22 08:05,2,41300
1048,2021/9/21 08:13,4,18500
1049,2021/9/20 22:24,4,10400
1050,2021/9/20 21:24,4,-1800
1051,2021/9/20 20:51,4,-600
1052,2021/9/20 20:29,2,25800
1053,2021/9/20 02:17,1,35500
1054,2021/9/20 01:32,2,24900
1055,2021/9/20 01:02,4,13700
1056,2021/9/20 00:23,3,16100
1057,2021/9/19 22:43,1,36600
1058,2021/9/18 00:19,4,16100
1059,2021/9/17 23:42,1,47600
1060,2021/9/17 22:07,4,6000
1061,2021/9/17 21:29,4,17000
1062,2021/9/17 19:34,4,2600
1063,2021/9/17 19:05,4,13000
1064,2021/9/17 18:36,2,29600
1065,2021/9/17 17:58,3,1600
1066,2021/9/17 03:12,3,17600
1067,2021/9/17 02:31,1,45900
1068,2021/9/17 01:36,2,25600
1069,2021/9/17 01:04,3,21600
1070,2021/9/16 23:54,3,19100
1071,2021/9/16 23:11,2,23600
1072,2021/9/16 19:39,4,17000
1073,2021/9/16 19:07,2,36000
1074,2021/9/16 17:38,1,57300
1075,2021/9/16 16:16,4,4200
1076,2021/9/16 15:23,4,-1100
1077,2021/9/16 02:16,1,38800
1078,2021/9/16 01:55,3,28400
1079,2021/9/16 01:10,4,18300
1080,2021/9/15 23:48,2,42200
1081,2021/9/15 23:12,1,44900
1082,2021/9/15 22:59,2,34000
1083,2021/9/15 16:08,2,21200
1084,2021/9/15 14:19,4,12900
1085,2021/9/15 13:36,2,46000
1086,2021/9/15 12:10,3,12300
1087,2021/9/15 11:17,2,27800
1088,2021/9/14 21:32,1,59900
1089,2021/9/14 21:03,1,35300
1090,2021/9/14 20:37,3,26000
1091,2021/9/14 19:54,3,17300
1092,2021/9/14 03:45,1,31300
1093,2021/9/14 03:11,2,34600
1094,2021/9/14 02:41,2,27600
1095,2021/9/14 02:07,2,22000
1096,2021/9/14 01:39,1,41300
1097,2021/9/14 01:16,2,36400
1098,2021/9/14 00:32,3,19600
1099,2021/9/13 23:37,3,22500
1100,2021/9/13 12:58,4,-2100
1101,2021/9/13 12:08,4,20200
1102,2021/9/12 23:25,4,7000
1103,2021/9/12 22:38,2,26600
1104,2021/9/12 21:58,1,35500
1105,2021/9/12 21:21,3,23800
1106,2021/9/12 20:41,1,57400
1107,2021/9/12 19:39,1,46900
1108,2021/9/12 17:38,3,23000
1109,2021/9/12 16:03,2,29300
1110,2021/9/12 14:29,4,9600
1111,2021/9/12 13:47,4,14800
1112,2021/9/11 23:48,1,41800
1113,2021/9/11 23:26,3,12500
1114,2021/9/11 23:04,1,41900
1115,2021/9/11 22:30,4,10900
1116,2021/9/11 21:32,1,40200
1117,2021/9/11 20:44,3,22100
1118,2021/9/11 17:45,1,43900
1119,2021/9/11 16:57,2,39900
1120,2021/9/11 15:55,2,37300
1121,2021/9/11 14:51,1,46100
1122,2021/9/10 23:23,3,11200
1123,2021/9/10 22:31,3,24700
1124,2021/9/10 18:44,3,18200
1125,2021/9/10 18:02,3,24400
1126,2021/9/10 15:30,1,32500
1127,2021/9/10 14:22,2,24400
1128,2021/9/10 01:50,3,16300
1129,2021/9/10 01:18,2,30300
1130,2021/9/10 00:11,4,19300
1131,2021/9/9 23:10,1,39900
1132,2021/9/9 22:29,2,31400
1133,2021/9/9 21:39,2,26500
1134,2021/9/9 20:46,4,10300
1135,2021/9/9 16:17,2,27100
1136,2021/9/9 15:38,4,21200
1137,2021/9/9 15:07,3,15900
1138,2021/9/9 14:21,2,24800
1139,2021/9/9 13:23,2,34900
1140,2021/9/9 12:38,1,33500
1141,2021/9/9 01:50,2,28600
1142,2021/9/9 01:08,2,32100
1143,2021/9/9 00:37,1,50500
1144,2021/9/8 23:42,3,15800
1145,2021/9/8 22:44,2,24700
1146,2021/9/8 21:44,4,14500
1147,2021/9/8 20:24,3,20000
1148,2021/9/8 19:59,2,31300
1149,2021/9/8 19:24,4,21700
1150,2021/9/8 18:51,3,18700
1151,2021/9/4 16:30,4,-2000
1152,2021/9/3 23:38,4,11500
1153,2021/9/3 23:10,4,14400
1154,2021/9/3 22:04,4,1900
1155,2021/9/3 21:19,1,36200
1156,2021/9/3 20:34,4,200
1157,2021/9/3 19:56,3,20700
1158,2021/9/3 19:06,4,18700
1159,2021/9/3 15:35,2,25900
1160,2021/9/3 14:43,1,63600
1161,2021/9/3 13:43,2,30200
1162,2021/9/3 12:39,2,33000
1163,2021/9/3 11:42,4,10700
1164,2021/9/3 02:47,1,50800
1165,2021/9/3 00:30,2,24300
1166,2021/9/2 23:47,1,56800
1167,2021/9/2 20:49,4,-1500
1168,2021/9/2 20:39,4,-2100
1169,2021/9/2 20:04,2,31000
1170,2021/9/2 19:00,1,37700
1171,2021/9/2 18:11,1,66300
1172,2021/9/2 16:36,1,39800
1173,2021/9/2 15:17,1,38400
1174,2021/9/2 14:40,1,30400
1175,2021/9/1 23:35,1,30900
1176,2021/9/1 22:50,2,26500
1177,2021/9/1 22:10,3,17700
1178,2021/9/1 21:16,1,31600
1179,2021/9/1 20:25,4,-24100
1180,2021/9/1 19:50,3,24700
1181,2021/9/1 19:30,2,39000
1182,2021/9/1 18:48,3,19400
1183,2021/9/1 18:17,2,30700
1184,2021/9/1 15:30,4,10400
1185,2021/9/1 14:59,2,31400
1186,2021/9/1 14:07,2,35100
1187,2021/9/1 12:52,1,45100
1188,2021/9/1 02:07,3,17500
1189,2021/9/1 01:17,2,33300
1190,2021/9/1 00:32,1,64300
1191,2021/9/1 00:02,4,10200
1192,2021/8/31 23:15,1,34600
1193,2021/8/31 22:43,1,46200
1194,2021/8/31 21:43,2,33500
1195,2021/8/31 21:08,1,36400
1196,2021/8/31 20:26,4,6100
1197,2021/8/31 19:55,2,31500
1198,2021/8/31 11:44,4,-900
1199,2021/8/31 11:06,4,6400
1200,2021/8/31 10:20,3,20900
1201,2021/8/31 09:38,1,37200
1202,2021/8/31 08:54,3,16400
1203,2021/8/30 22:28,4,11800
1204,2021/8/30 21:32,1,31300
1205,2021/8/30 20:54,2,25700
1206,2021/8/30 20:18,2,36800
1207,2021/8/30 19:54,1,49700
1208,2021/8/30 19:12,4,4300
1209,2021/8/30 19:06,2,23700
1210,2021/8/30 18:29,2,29900
1211,2021/8/29 23:44,3,23600
1212,2021/8/29 23:10,4,16800
1213,2021/8/29 19:07,3,24900
1214,2021/8/29 18:28,2,26700
1215,2021/8/29 17:34,4,18100
1216,2021/8/29 16:53,3,15400
1217,2021/8/29 16:18,3,21000
1218,2021/8/29 15:30,2,26400
1219,2021/8/29 14:40,2,21300
1220,2021/8/29 13:58,1,47400
1221,2021/8/29 13:12,1,44600
1222,2021/8/28 16:24,4,4700
1223,2021/8/28 15:30,4,11700
1224,2021/8/28 14:44,3,19700
1225,2021/8/28 13:46,2,41000
1226,2021/8/28 13:30,3,29700
1227,2021/8/28 12:47,2,28300
1228,2021/8/28 12:10,2,29600
1229,2021/8/28 11:24,3,18000
1230,2021/8/28 10:29,4,7900
1231,2021/8/28 07:39,3,14900
1232,2021/8/28 06:41,2,24800
1233,2021/8/27 17:29,3,20300
1234,2021/8/27 15:28,4,-1800
1235,2021/8/27 02:30,1,43300
1236,2021/8/27 01:37,2,23100
1237,2021/8/25 23:58,4,2800
1238,2021/8/25 23:22,4,-2800
1239,2021/8/25 22:19,2,24900
1240,2021/8/25 21:36,3,22000
1241,2021/8/25 21:09,3,19900
1242,2021/8/25 19:27,3,19900
1243,2021/8/25 18:39,1,47300
1244,2021/8/25 17:32,2,26900
1245,2021/8/25 16:41,1,37300
1246,2021/8/25 16:09,2,32000
1247,2021/8/25 15:29,2,29900
1248,2021/8/25 14:28,4,15900
1249,2021/8/25 13:48,2,29500
1250,2021/8/25 13:12,1,45100
1251,2021/8/25 12:54,1,67800
1252,2021/8/25 11:57,2,25800
1253,2021/8/25 11:08,4,7200
1254,2021/8/25 10:24,2,22500
1255,2021/8/25 09:52,1,34800
1256,2021/8/15 16:27,1,31700
1257,2021/8/15 15:55,3,26000
1258,2021/8/15 15:10,1,33200
1259,2021/8/15 14:18,2,34500
1260,2021/8/15 13:39,1,51900
1261,2021/8/15 12:45,2,33500
1262,2021/8/15 02:13,3,21800
1263,2021/8/15 01:23,3,22100
1264,2021/8/15 00:45,4,11800
1265,2021/8/15 00:16,2,31500
1266,2021/8/14 23:32,2,29600
1267,2021/8/14 22:14,3,15700
1268,2021/8/14 21:05,1,42700
1269,2021/8/14 20:21,1,42900
1270,2021/8/14 19:37,3,23300
1271,2021/8/14 18:36,2,15000
1272,2021/8/14 18:05,3,14300
1273,2021/8/14 17:37,4,11900
1274,2021/8/14 16:28,3,11600
1275,2021/8/14 08:41,1,43000
1276,2021/8/14 07:38,4,12200
1277,2021/8/14 00:02,1,40400
1278,2021/8/13 23:02,1,55800
1279,2021/8/13 22:14,4,18000
1280,2021/8/13 21:59,3,28700
1281,2021/8/13 21:49,1,70800
1282,2021/8/13 21:06,2,21200
1283,2021/8/13 20:40,2,37300
1284,2021/8/13 20:08,2,31600
1285,2021/8/13 19:31,2,21800
1286,2021/8/13 18:39,1,41300
1287,2021/8/13 13:41,3,18000
1288,2021/8/13 13:06,2,32400
1289,2021/8/13 12:25,1,45400
1290,2021/8/13 10:19,1,45200
1291,2021/8/13 01:42,2,27000
1292,2021/8/13 00:45,1,47100
1293,2021/8/13 00:18,4,15200
1294,2021/8/12 23:22,1,36600
1295,2021/8/12 23:12,2,29700
1296,2021/8/12 22:30,3,7000
1297,2021/8/12 21:41,4,-3200
1298,2021/8/12 21:05,1,53800
1299,2021/8/12 20:26,1,33600
1300,2021/8/12 19:41,2,30400
1301,2021/8/12 15:45,4,-13900
1302,2021/8/12 14:59,1,51300
1303,2021/8/12 13:41,3,8800
1304,2021/8/12 12:59,1,60700
1305,2021/8/12 12:23,2,31500
1306,2021/8/12 10:05,1,31100
1307,2021/8/11 23:36,3,17800
1308,2021/8/11 23:11,3,27600
1309,2021/8/11 22:40,4,5800
1310,2021/8/11 22:07,2,24600
1311,2021/8/11 21:11,1,36400
1312,2021/8/11 20:34,2,23800
1313,2021/8/11 19:55,1,35600
1314,2021/8/11 19:35,1,74400
1315,2021/8/11 18:42,4,-2200
1316,2021/8/11 18:20,3,31400
1317,2021/8/11 17:35,1,42300
1318,2021/8/10 23:05,2,26400
1319,2021/8/10 22:35,4,13700
1320,2021/8/10 21:55,3,11900
1321,2021/8/10 21:00,4,5600
1322,2021/8/10 14:54,2,28600
1323,2021/8/10 13:57,2,34900
1324,2021/8/10 01:41,3,13200
1325,2021/8/10 00:45,3,26000
1326,2021/8/10 00:08,2,26700
1327,2021/8/9 23:16,4,-5100
1328,2021/8/9 22:48,1,46000
1329,2021/8/9 22:07,1,64800
1330,2021/8/9 21:28,3,25700
1331,2021/8/9 20:25,4,-1900
1332,2021/8/9 19:50,1,33500
1333,2021/8/9 17:53,4,16700
1334,2021/8/9 17:17,1,49400
1335,2021/8/9 16:11,2,30100
1336,2021/8/9 15:20,2,34900
1337,2021/8/8 23:43,3,24400
1338,2021/8/8 23:24,1,49100
1339,2021/8/8 22:23,4,14100
1340,2021/8/8 21:43,2,24800
1341,2021/8/8 16:42,2,33200
1342,2021/8/8 10:55,1,42100
1343,2021/8/8 10:07,3,18100
1344,2021/8/8 09:13,1,52900
1345,2021/8/8 08:16,2,22200
1346,2021/8/8 01:59,4,17500
1347,2021/8/8 01:15,3,17400
1348,2021/8/8 00:48,2,36500
1349,2021/8/8 00:06,1,41600
1350,2021/8/7 23:12,3,8900
1351,2021/8/7 22:31,3,15400
1352,2021/8/7 22:25,2,21000
1353,2021/8/7 21:36,2,28400
1354,2021/8/7 21:01,2,34300
1355,2021/8/7 19:38,4,-400
1356,2021/8/7 19:14,1,41900
1357,2021/8/7 17:55,2,27900
1358,2021/8/7 17:01,1,35000
1359,2021/8/7 15:02,1,42700
1360,2021/8/7 14:26,1,46200
1361,2021/8/7 13:51,2,37100
1362,2021/8/7 12:59,2,32300
1363,2021/8/6 00:33,4,10200
1364,2021/8/5 23:46,3,25300
1365,2021/8/5 22:54,2,28000
1366,2021/8/5 22:28,1,46200
1367,2021/8/5 21:59,3,28500
1368,2021/8/5 20:22,3,18200
1369,2021/8/5 19:42,1,39100
1370,2021/8/5 19:14,3,23700
1371,2021/8/5 18:39,4,15300
1372,2021/8/5 17:20,2,35800
1373,2021/8/4 21:07,1,42700
1374,2021/8/4 20:32,3,17700
1375,2021/8/3 20:53,1,46700
1376,2021/8/3 20:26,2,28600
1377,2021/8/3 19:40,4,12700
1378,2021/8/3 17:45,2,19400
1379,2021/8/3 11:57,2,32700
1380,2021/8/3 11:14,4,9800
1381,2021/8/1 20:18,4,-600
1382,2021/8/1 19:39,1,40700
1383,2021/8/1 19:02,4,5500
1384,2021/8/1 18:13,1,41200
1385,2021/8/1 17:43,4,13400
1386,2021/8/1 17:04,2,45800
1387,2021/8/1 11:42,4,14700
1388,2021/7/31 23:34,4,5100
1389,2021/7/31 22:31,4,4000
1390,2021/7/31 21:46,1,47800
1391,2021/7/31 20:51,3,23200
1392,2021/7/31 19:37,3,20700
1393,2021/7/31 18:52,1,40500
1394,2021/7/31 18:18,1,36600
1395,2021/7/31 17:19,1,31300
1396,2021/7/31 15:02,4,10000
1397,2021/7/31 14:36,3,19400
1398,2021/7/31 13:44,4,-1200
1399,2021/7/31 12:54,3,20800
1400,2021/7/31 01:49,2,26700
1401,2021/7/31 01:19,1,50000
1402,2021/7/31 00:39,1,39000
1403,2021/7/31 00:01,3,13500
1404,2021/7/30 23:31,4,-10400
1405,2021/7/30 22:55,2,17600
1406,2021/7/30 22:16,3,24900
1407,2021/7/30 21:44,3,25300
1408,2021/7/30 21:05,1,53800
1409,2021/7/30 20:05,4,18300
1410,2021/7/30 19:16,1,32300
1411,2021/7/30 17:08,1,41200
1412,2021/7/30 16:31,2,28300
1413,2021/7/30 15:53,3,13000
1414,2021/7/30 14:53,4,13000
1415,2021/7/30 13:54,2,33700
1416,2021/7/30 01:48,1,41200
1417,2021/7/30 01:17,2,23000
1418,2021/7/30 00:35,1,37800
1419,2021/7/29 23:40,3,9600
1420,2021/7/29 22:56,3,21600
1421,2021/7/29 22:27,1,48200
1422,2021/7/29 21:42,1,45200
1423,2021/7/29 21:24,4,-10900
1424,2021/7/29 20:58,3,11300
1425,2021/7/29 20:15,2,41100
1426,2021/7/29 19:32,2,26900
1427,2021/7/29 17:51,2,33600
1428,2021/7/29 16:53,3,26600
1429,2021/7/29 16:07,3,24500
1430,2021/7/29 15:27,4,-4100
1431,2021/7/29 14:34,1,57200
1432,2021/7/29 13:47,1,46300
1433,2021/7/29 02:03,4,300
1434,2021/7/29 01:26,1,47300
1435,2021/7/29 00:47,3,12000
1436,2021/7/28 23:47,1,46900
1437,2021/7/28 22:44,1,43300
1438,2021/7/28 22:01,3,22900
1439,2021/7/28 21:29,2,30200
1440,2021/7/28 20:30,3,21200
1441,2021/7/28 19:49,2,32000
1442,2021/7/28 19:08,2,28000
1443,2021/7/28 18:27,2,34600
1444,2021/7/28 17:40,1,42400
1445,2021/7/28 16:53,3,20600
1446,2021/7/28 02:07,2,35900
1447,2021/7/28 01:32,3,23400
1448,2021/7/28 00:56,2,26100
1449,2021/7/28 00:30,2,25400
1450,2021/7/27 23:42,3,22900
1451,2021/7/27 23:08,2,25900
1452,2021/7/27 22:57,1,64300
1453,2021/7/27 22:20,3,17500
1454,2021/7/27 21:54,2,28800
1455,2021/7/27 21:10,1,54600
1456,2021/7/27 20:33,3,28300
1457,2021/7/27 19:58,2,34800
1458,2021/7/27 19:03,3,26200
1459,2021/7/27 17:44,3,26100
1460,2021/7/27 16:29,1,41300
1461,2021/7/27 15:49,4,16000
1462,2021/7/27 14:37,4,12400
1463,2021/7/27 13:53,3,17300
1464,2021/7/27 02:51,4,7800
1465,2021/7/27 02:08,2,25500
1466,2021/7/27 00:41,4,7600
1467,2021/7/27 00:14,1,41500
1468,2021/7/26 23:30,4,18900
1469,2021/7/26 23:04,4,20500
1470,2021/7/26 22:26,1,41200
1471,2021/7/26 21:57,3,19700
1472,2021/7/26 21:03,3,23700
1473,2021/7/26 20:14,3,18000
1474,2021/7/26 16:39,1,53200
1475,2021/7/26 16:10,1,45900
1476,2021/7/26 14:20,3,27800
1477,2021/7/26 13:38,2,27500
1478,2021/7/26 12:46,4,18400
1479,2021/7/26 01:19,3,29000
1480,2021/7/26 00:51,1,40500
1481,2021/7/25 23:59,1,87000
1482,2021/7/25 23:17,4,14800
1483,2021/7/25 22:07,2,33700
1484,2021/7/25 21:26,1,55800
1485,2021/7/25 20:51,1,57000
1486,2021/7/25 20:08,1,42500
1487,2021/7/25 19:10,1,60800
1488,2021/7/25 18:24,3,20700
1489,2021/7/25 17:51,4,-200
1490,2021/7/25 16:30,3,17800
1491,2021/7/25 15:57,3,16900
1492,2021/7/25 15:24,2,48200
1493,2021/7/25 14:41,2,32400
1494,2021/7/25 14:14,4,-5000
1495,2021/7/25 01:58,2,30800
1496,2021/7/25 00:44,4,5800
1497,2021/7/24 21:31,3,11700
1498,2021/7/24 20:56,3,32900
1499,2021/7/24 19:54,2,28800
1500,2021/7/24 18:12,1,42700
1501,2021/7/24 17:43,1,42300
1502,2021/7/24 17:11,4,15000
1503,2021/7/24 16:12,4,18000
1504,2021/7/24 15:28,4,15400
1505,2021/7/24 14:54,3,17500
1506,2021/7/24 14:05,2,25500
1507,2021/7/24 13:27,2,40000
1508,2021/7/24 12:52,1,60100
1509,2021/7/24 12:22,4,9200
1510,2021/7/24 11:43,3,21500
1511,2021/7/24 01:51,1,40000
1512,2021/7/24 01:20,3,20900
1513,2021/7/23 23:42,1,54000
1514,2021/7/23 22:50,2,29600
1515,2021/7/23 22:13,3,20200
1516,2021/7/23 21:38,1,41000
1517,2021/7/23 20:36,3,17400
1518,2021/7/23 19:48,2,25300
1519,2021/7/23 18:48,2,31200
1520,2021/7/23 18:17,4,5300
1521,2021/7/23 16:32,1,39000
1522,2021/7/23 15:16,2,34000
1523,2021/7/23 14:30,2,34000
1524,2021/7/23 13:49,1,42100
1525,2021/7/23 12:33,2,36900
1526,2021/7/23 11:57,1,42000
1527,2021/7/23 02:42,1,39800
1528,2021/7/23 02:08,2,31200
1529,2021/7/23 01:07,1,45900
1530,2021/7/23 00:20,1,69500
1531,2021/7/22 23:29,4,4300
1532,2021/7/22 23:16,1,56300
1533,2021/7/22 21:07,3,5300
1534,2021/7/22 20:30,1,32300
1535,2021/7/22 19:52,1,56400
1536,2021/7/21 19:10,3,23800
1537,2021/7/21 18:30,2,38400
1538,2021/7/21 17:59,2,25900
1539,2021/7/21 17:06,3,23600
1540,2021/7/21 15:43,4,5400
1541,2021/7/20 23:07,4,-3200
1542,2021/7/20 22:03,1,49700
1543,2021/7/20 21:18,1,33200
1544,2021/7/20 20:49,1,33800
1545,2021/7/20 18:57,2,22300
1546,2021/7/20 18:03,1,38600
1547,2021/7/18 20:21,4,-2100
1548,2021/7/18 19:28,4,18600
1549,2021/7/18 18:54,1,47200
1550,2021/7/18 17:56,3,32000
1551,2021/7/18 17:21,2,38200
1552,2021/7/18 16:44,2,25500
1553,2021/7/18 15:49,2,29600
1554,2021/7/17 22:02,4,1400
1555,2021/7/17 21:26,2,33400
1556,2021/7/17 20:46,4,18700
1557,2021/7/17 20:12,1,41400
1558,2021/7/17 16:20,1,54200
1559,2021/7/17 10:58,1,42100
1560,2021/7/17 10:30,3,12700
1561,2021/7/17 08:10,2,29600
1562,2021/7/17 07:13,1,55200
1563,2021/7/17 00:53,1,52300
1564,2021/7/17 00:14,1,46100
1565,2021/7/16 19:59,3,25900
1566,2021/7/15 19:45,2,27800
1567,2021/7/15 18:59,4,8000
1568,2021/7/15 16:42,1,41100
1569,2021/7/15 14:48,4,4800
1570,2021/7/15 11:45,2,24300
1571,2021/7/14 22:40,4,18100
1572,2021/7/14 20:55,4,5700
1573,2021/7/14 20:17,3,24600
1574,2021/7/14 20:01,4,-1200
1575,2021/7/14 19:16,3,26200
1576,2021/7/14 16:33,2,22500
1577,2021/7/14 15:58,1,37100
1578,2021/7/14 15:15,3,14100
1579,2021/7/14 14:05,1,46200
1580,2021/7/14 12:35,2,26100
1581,2021/7/14 11:42,1,37500
1582,2021/7/14 07:10,3,18400
1583,2021/7/13 17:05,3,10100
1584,2021/7/13 16:28,4,-6600
1585,2021/7/13 15:58,4,12400
1586,2021/7/13 15:16,4,19300
1587,2021/7/13 14:32,3,17500
1588,2021/7/13 14:09,1,38700
1589,2021/7/13 12:54,4,16800
1590,2021/7/13 12:18,3,20800
1591,2021/7/13 11:39,4,8700
1592,2021/7/13 11:05,4,3000
1593,2021/7/13 10:21,2,19600
1594,2021/7/12 17:58,1,97900
1595,2021/7/12 17:11,4,-1000
1596,2021/7/12 15:28,2,27000
1597,2021/7/12 14:51,4,20900
1598,2021/7/12 13:48,2,42900
1599,2021/7/12 13:04,1,46200
1600,2021/7/12 12:00,1,37500
1601,2021/7/12 11:05,3,20500
1602,2021/7/12 02:06,2,28000
1603,2021/7/12 01:38,2,32500
1604,2021/7/12 01:03,1,40400
1605,2021/7/12 00:07,2,25500
1606,2021/7/11 23:27,2,31400
1607,2021/7/11 22:52,3,18200
1608,2021/7/11 14:51,1,36900
1609,2021/7/11 14:03,1,35800
1610,2021/7/11 13:17,2,32500
1611,2021/7/11 12:37,4,16500
1612,2021/7/11 11:32,3,20800
1613,2021/7/11 10:56,2,39600
1614,2021/7/11 10:18,2,24700
1615,2021/7/11 09:26,3,23900
1616,2021/7/11 01:47,3,14600
1617,2021/7/11 00:59,3,22800
1618,2021/7/10 23:58,1,45900
1619,2021/7/10 00:43,1,77400
1620,2021/7/10 00:04,2,24600
1621,2021/7/9 23:26,2,25000
1622,2021/7/9 22:53,2,27600
1623,2021/7/9 22:12,2,30200
1624,2021/7/9 21:48,2,22600
1625,2021/7/9 21:03,3,12500
1626,2021/7/9 20:18,2,31900
1627,2021/7/9 01:19,2,29000
1628,2021/7/9 00:45,1,33500
1629,2021/7/8 23:54,1,36700
1630,2021/7/8 22:48,4,14600
1631,2021/7/8 22:16,3,24400
1632,2021/7/8 21:55,2,36300
1633,2021/7/8 14:51,3,21800
1634,2021/7/8 14:03,3,22300
1635,2021/7/8 13:16,2,40400
1636,2021/7/8 12:40,3,18900
1637,2021/7/8 11:55,3,5400
1638,2021/7/8 11:11,4,6400
1639,2021/7/8 02:38,2,39600
1640,2021/7/8 01:36,2,24600
1641,2021/7/8 00:46,3,18700
1642,2021/7/8 00:06,2,26700
1643,2021/7/7 23:18,1,42800
1644,2021/7/7 22:28,3,20600
1645,2021/7/7 21:29,3,12100
1646,2021/7/7 20:41,3,17300
1647,2021/7/7 20:02,1,46000
1648,2021/7/7 18:09,2,21100
1649,2021/7/7 17:23,3,25100
1650,2021/7/7 15:53,3,19000
1651,2021/7/6 19:15,1,39200
1652,2021/7/6 18:52,2,25400
1653,2021/7/6 00:37,4,17900
1654,2021/7/5 23:45,4,-5000
1655,2021/7/5 22:16,4,16700
1656,2021/7/5 21:48,1,43500
1657,2021/7/5 16:04,3,15000
1658,2021/7/5 15:03,1,41900
1659,2021/7/5 14:08,1,37100
1660,2021/7/5 12:51,4,11500
1661,2021/7/4 19:12,4,-5800
1662,2021/7/4 14:57,2,27800
1663,2021/7/4 13:54,4,20800
1664,2021/7/4 13:16,4,-4600
1665,2021/7/4 12:36,3,22200
1666,2021/7/4 12:05,4,4100
1667,2021/7/4 11:24,3,20200
1668,2021/7/4 10:34,4,1400
1669,2021/7/4 09:47,2,40700
1670,2021/7/4 01:20,1,44600
1671,2021/7/4 00:32,2,25300
1672,2021/7/3 23:50,1,64300
1673,2021/7/3 23:07,2,33800
1674,2021/7/3 22:04,2,27000
1675,2021/7/3 21:13,4,9000
1676,2021/7/3 20:43,3,21700
1677,2021/7/3 19:57,1,35000
1678,2021/7/3 18:37,3,21300
1679,2021/7/3 18:14,1,63200
1680,2021/7/3 17:36,1,50800
1681,2021/7/3 16:31,1,40200
1682,2021/6/28 22:54,1,45700
1683,2021/6/28 22:27,1,37400
1684,2021/6/28 21:51,3,16100
1685,2021/6/28 21:41,1,59500
1686,2021/6/28 21:04,4,3300
1687,2021/6/28 20:20,2,29900
1688,2021/6/28 19:46,2,26400
1689,2021/6/28 15:45,2,29200
1690,2021/6/28 14:45,3,23300
1691,2021/6/28 14:22,1,59100
1692,2021/6/28 13:41,1,40900
1693,2021/6/28 13:17,3,19500
1694,2021/6/28 12:29,1,40100
1695,2021/6/28 11:48,2,31900
1696,2021/6/28 10:41,2,35900
1697,2021/6/27 20:39,2,23100
1698,2021/6/27 13:16,1,32600
1699,2021/6/27 12:31,4,11000
1700,2021/6/27 11:57,3,21700
1701,2021/6/27 10:46,2,33900
1702,2021/6/27 10:12,2,25300
1703,2021/6/26 20:49,1,43200
1704,2021/6/26 20:10,4,14200
1705,2021/6/26 17:57,2,28900
1706,2021/6/26 16:47,4,18800
1707,2021/6/26 16:13,3,18000
1708,2021/6/26 01:28,3,21900
1709,2021/6/26 00:50,4,12300
1710,2021/6/26 00:17,3,24100
1711,2021/6/25 23:28,4,12700
1712,2021/6/25 22:27,2,34500
1713,2021/6/25 21:55,1,44900
1714,2021/6/25 21:12,1,39200
1715,2021/6/25 20:33,1,49200
1716,2021/6/25 19:51,1,43700
1717,2021/6/25 19:10,4,1000
1718,2021/6/25 17:57,4,9200
1719,2021/6/25 01:35,2,14200
1720,2021/6/25 00:36,1,59200
1721,2021/6/24 23:43,4,900
1722,2021/6/24 23:08,1,47000
1723,2021/6/24 22:25,3,25100
1724,2021/6/24 21:46,1,58100
1725,2021/6/24 21:10,2,44100
1726,2021/6/24 20:21,1,42600
1727,2021/6/24 19:26,1,50200
1728,2021/6/24 18:31,4,300
1729,2021/6/24 01:02,2,25900
1730,2021/6/24 00:07,1,44900
1731,2021/6/23 23:29,2,25400
1732,2021/6/23 22:43,1,41400
1733,2021/6/23 22:19,1,36500
1734,2021/6/23 21:39,3,16600
1735,2021/6/23 20:27,3,20000
1736,2021/6/23 19:47,3,28200
1737,2021/6/23 19:06,3,23700
1738,2021/6/23 18:30,3,24200
1739,2021/6/23 17:05,4,5900
1740,2021/6/23 02:34,1,41100
1741,2021/6/23 01:52,1,54300
1742,2021/6/23 01:08,3,23100
1743,2021/6/23 00:05,4,13300
1744,2021/6/22 23:02,1,34500
1745,2021/6/22 22:14,3,18700
1746,2021/6/22 21:28,2,33800
1747,2021/6/22 20:53,1,39400
1748,2021/6/22 18:24,1,43100
1749,2021/6/22 16:43,3,20800
1750,2021/6/22 16:10,4,17400
1751,2021/6/22 15:28,2,24500
1752,2021/6/22 14:56,2,26400
1753,2021/6/22 01:01,2,26000
1754,2021/6/22 00:16,1,76900
1755,2021/6/21 23:27,2,20200
1756,2021/6/21 22:50,2,27000
1757,2021/6/21 22:17,1,32900
1758,2021/6/21 21:29,4,16000
1759,2021/6/21 20:41,4,5300
1760,2021/6/21 19:38,4,10200
1761,2021/6/21 17:53,1,37200
1762,2021/6/21 17:11,1,70500
1763,2021/6/21 16:15,4,13800
1764,2021/6/21 14:48,1,31700
1765,2021/6/21 13:22,2,24300
1766,2021/6/21 00:03,1,33300
1767,2021/6/20 23:15,3,24700
1768,2021/6/20 22:19,4,500
1769,2021/6/20 21:43,4,18700
1770,2021/6/20 16:36,3,22200
1771,2021/6/20 15:04,3,15600
1772,2021/6/20 13:31,2,26100
1773,2021/6/20 12:51,3,19000
1774,2021/6/20 12:11,2,46500
1775,2021/6/20 11:22,4,9400
1776,2021/6/20 10:40,4,-10700
1777,2021/6/20 01:38,4,-1100
1778,2021/6/20 00:55,2,23300
1779,2021/6/19 23:51,1,41000
1780,2021/6/19 23:17,1,33500
1781,2021/6/19 22:42,3,26100
1782,2021/6/19 22:17,2,32000
1783,2021/6/19 21:48,1,46300
1784,2021/6/19 21:09,3,29700
1785,2021/6/19 20:21,2,28700
1786,2021/6/19 15:21,1,49400
1787,2021/6/19 14:56,3,25000
1788,2021/6/19 14:16,2,41400
1789,2021/6/19 00:47,4,17700
1790,2021/6/19 00:06,1,53400
1791,2021/6/18 22:42,3,20800
1792,2021/6/18 21:59,2,19800
1793,2021/6/18 21:00,3,20200
1794,2021/6/17 23:32,3,19400
1795,2021/6/17 22:34,3,18900
1796,2021/6/17 21:45,1,35100
1797,2021/6/17 21:02,2,36100
1798,2021/6/17 20:40,2,26800
1799,2021/6/17 19:45,1,36300
1800,2021/6/17 19:05,3,13700
1801,2021/6/17 18:49,2,15800
1802,2021/6/16 21:04,1,31500
1803,2021/6/16 20:17,1,39300
1804,2021/6/16 16:01,2,29200
1805,2021/6/16 15:19,1,36600
1806,2021/6/16 14:44,3,11700
1807,2021/6/16 14:23,2,26900
1808,2021/6/16 13:14,2,29100
1809,2021/6/16 12:33,2,25200
1810,2021/6/15 20:32,1,42700
1811,2021/6/15 19:20,2,37700
1812,2021/6/15 15:34,2,35400
1813,2021/6/15 14:58,1,32600
1814,2021/6/15 14:32,2,26400
1815,2021/6/14 01:02,4,-12600
1816,2021/6/14 00:18,1,38500
1817,2021/6/13 23:30,1,42500
1818,2021/6/13 22:41,4,21100
1819,2021/6/13 22:08,1,32700
1820,2021/6/13 21:29,1,41900
1821,2021/6/13 20:53,4,6000
1822,2021/6/13 20:15,1,36800
1823,2021/6/13 19:39,3,19100
1824,2021/6/13 18:31,4,16000
1825,2021/6/13 17:46,4,100
1826,2021/6/13 17:09,3,10800
1827,2021/6/13 16:12,3,14500
1828,2021/6/13 14:56,3,13900
1829,2021/6/13 14:17,3,15500
1830,2021/6/13 13:41,1,36500
1831,2021/6/13 13:02,1,49200
1832,2021/6/13 12:30,4,11500
1833,2021/6/12 22:15,2,39600
1834,2021/6/12 21:41,1,40800
1835,2021/6/12 20:58,3,22100
1836,2021/6/12 20:25,1,43300
1837,2021/6/7 13:41,4,1400
1838,2021/6/7 12:51,2,36600
1839,2021/6/5 16:29,4,9000
1840,2021/6/5 15:03,2,36000
1841,2021/6/5 14:47,2,31700
1842,2021/6/5 14:21,1,70400
1843,2021/6/5 11:50,2,31500
1844,2021/6/5 10:31,2,28600
1845,2021/6/5 09:50,3,22800
1846,2021/3/31 00:10,1,34100
1847,2021/3/30 23:25,3,20500
1848,2021/3/30 22:17,3,16200
1849,2021/3/30 21:39,3,23900
1850,2021/3/30 21:08,1,34500
1851,2021/3/30 20:37,3,18300
1852,2021/3/30 19:50,1,39000
1853,2021/3/30 19:11,2,35600
1854,2021/3/30 18:34,1,46700
1855,2021/3/30 18:05,1,49800
1856,2021/3/30 17:18,4,8400
1857,2021/3/30 16:24,3,14900
1858,2021/3/28 23:33,4,17900
1859,2021/3/28 22:49,4,-200
1860,2021/3/28 22:15,3,18600
1861,2021/3/28 09:29,2,36700
1862,2021/3/28 00:34,4,10300
1863,2021/3/27 23:53,2,31100
1864,2021/3/27 23:12,2,27700
1865,2021/3/27 15:29,3,27000
1866,2021/3/27 14:52,2,31300
1867,2021/3/27 01:38,3,21000
1868,2021/3/27 01:08,2,39500
1869,2021/3/15 12:33,4,15800
1870,2021/3/14 23:20,4,18600
1871,2021/3/14 22:42,3,11300
1872,2021/3/14 14:56,3,16900
1873,2021/3/14 09:55,1,39400
1874,2021/3/14 09:20,2,22400
1875,2021/3/13 12:31,3,15300
1876,2021/3/12 23:24,1,37400
1877,2021/3/12 22:45,3,26000
1878,2021/3/11 22:23,1,42900
1879,2021/3/10 22:11,4,13100
1880,2021/3/9 17:40,2,29000
1881,2021/3/9 11:21,2,26900
1882,2021/3/8 22:41,2,26000
1883,2021/3/8 21:51,3,16700
1884,2021/3/7 22:07,1,31900
1885,2021/3/7 21:22,3,20700
1886,2021/3/7 20:20,1,45800
1887,2021/3/7 19:44,4,4500
1888,2021/3/7 18:53,2,23800
1889,2021/3/7 15:20,1,46400
1890,2021/3/7 14:49,4,-800
1891,2021/3/7 11:58,1,46500
1892,2021/3/7 11:16,1,42600
1893,2021/3/7 10:20,1,45200
1894,2021/3/6 23:48,3,18100
1895,2021/3/6 23:22,2,14500
1896,2021/3/6 22:45,3,10200
1897,2021/3/6 21:31,2,38200
1898,2021/3/6 21:01,1,42700
1899,2021/3/6 20:12,3,18200
1900,2021/3/6 19:27,2,25800
1901,2021/3/6 18:48,2,30600
1902,2021/3/6 15:26,2,39300
1903,2021/3/6 14:54,1,48000
1904,2021/3/6 08:55,3,20900
1905,2021/3/5 22:51,3,16600
1906,2021/3/5 21:02,4,1500
1907,2021/3/5 19:55,4,3000
1908,2021/3/5 19:12,3,24600
1909,2021/3/5 13:44,3,16000
1910,2021/3/5 13:37,1,51000
1911,2021/3/5 13:10,3,17500
1912,2021/3/5 12:33,4,2600
1913,2021/2/26 01:05,2,44100
1914,2021/2/26 00:24,1,44100
1915,2021/2/25 23:48,2,30900
1916,2021/2/25 23:08,2,27700
1917,2021/2/25 21:57,2,24200
1918,2021/2/23 17:25,3,29200
1919,2021/2/23 10:30,3,15500
1920,2021/2/23 09:54,4,14600
1921,2021/2/23 09:11,4,900
1922,2021/2/23 01:22,3,13100
1923,2021/2/23 00:07,3,15000
1924,2021/2/22 23:51,1,60400
1925,2021/2/22 23:23,1,34000
1926,2021/2/22 22:48,4,-7600
1927,2021/2/22 22:06,3,19700
1928,2021/2/22 15:51,3,16600
1929,2021/2/22 13:53,1,36000
1930,2021/2/22 13:08,2,32800
1931,2021/2/22 02:29,3,20100
1932,2021/2/22 00:41,2,26800
1933,2021/2/22 00:18,2,28900
1934,2021/2/21 23:38,3,22000
1935,2021/2/21 23:00,1,43900
1936,2021/2/21 22:14,2,24400
1937,2021/2/21 21:21,4,-4900
1938,2021/2/20 23:28,4,-1500
1939,2021/2/20 22:39,1,47400
1940,2021/2/20 21:16,2,35700
1941,2021/2/20 20:49,2,26200
1942,2021/2/20 19:59,1,51400
1943,2021/2/20 19:25,4,6800
